object_id,bucket_id,name,size_bytes,mime_type,etag,cache_control,created_at,updated_at
98803983-7105-44f8-b9a6-6a49a3b29c96,tm-corporation-logos,Adhai_High_Orbit_Constructions.png,1392203,image/png,766890456308ff1f85bee376509de7aa,max-age=31536000,2026-07-16T12:01:10.661Z,2026-07-16T13:11:57.587Z
eed3ce45-d715-493f-8f11-4a62cacf92b2,tm-corporation-logos,Aeron_Genomics.png,1281108,image/png,ca0557763378c7d0b052cdbd64642e96,max-age=31536000,2026-07-16T12:01:11.170Z,2026-07-16T13:11:58.194Z
7cc0ca39-9147-48ce-850d-39a2e695a1ef,tm-corporation-logos,Aerotech.png,1140852,image/png,5785cb852494243ca936227679befa20,max-age=31536000,2026-07-16T12:01:11.478Z,2026-07-16T13:11:58.421Z
85a50e79-712f-4e99-9247-81612aedf3f1,tm-corporation-logos,Agricola_Inc.png,1562701,image/png,b082447dea5f4bfbf23281873d06cdeb,max-age=31536000,2026-07-16T12:01:11.820Z,2026-07-16T13:11:58.987Z
cb093e5c-97aa-4cb8-8f81-14a5e2603a01,tm-corporation-logos,Ambient_Terraforming_Solutions_For_a_Breathable_Future.png,1281357,image/png,bb2f5e3b5db1fd9fa7b8d8ad60de1937,max-age=31536000,2026-07-16T12:01:12.169Z,2026-07-16T13:11:59.316Z
b43dc73e-f244-474a-a0f2-e17e297c0133,tm-corporation-logos,Anubis_securities.png,676668,image/png,d8238ba6c23becacd0f9731ed995c9f3,max-age=31536000,2026-07-16T12:01:12.411Z,2026-07-16T13:11:59.577Z
5012403e-2aec-4dc8-b0c5-29d83623ce15,tm-corporation-logos,Aphrodite.png,1614513,image/png,ff44b1122f19af803851d643fcb228ff,max-age=31536000,2026-07-16T12:01:12.758Z,2026-07-16T13:12:00.129Z
9a16ff8b-55bb-4cdc-8782-0475cf456fba,tm-corporation-logos,Arborist_collective.png,922819,image/png,0a95d83a85af3e2c867f55b0821c3371,max-age=31536000,2026-07-16T12:01:13.000Z,2026-07-16T13:12:00.370Z
37ae196e-8e81-46dd-a576-7e5ded98ec70,tm-corporation-logos,Arcadian Communities.png,1465532,image/png,f15d0594776140dcd8241c1c86d2e14e,max-age=31536000,2026-07-16T12:01:13.305Z,2026-07-16T13:12:00.831Z
7ee0ecb7-dca7-4c70-b15c-363163fb17c7,tm-corporation-logos,Aridor.png,1813886,image/png,21bf054738f0435e0b6c90587c79a3f4,max-age=31536000,2026-07-16T12:01:13.610Z,2026-07-16T13:12:01.173Z
b50ade6c-58f6-4f23-8c11-f45470b5f5c4,tm-corporation-logos,Aristarchus.png,1044630,image/png,d29d55be3e9bdece96edbdeb4428ef79,max-age=31536000,2026-07-16T13:12:01.427Z,2026-07-16T13:12:01.427Z
83a7463d-097e-46f4-a572-ec011d508318,tm-corporation-logos,Arklight.png,1726291,image/png,5dad869533495bc4fa40a474947b5d96,max-age=31536000,2026-07-16T12:01:13.970Z,2026-07-16T13:12:01.796Z
bcecdc16-60b1-44b7-b1d1-64c4d7cf1a18,tm-corporation-logos,Astrol Drill.png,1306315,image/png,e48da93904a4ee20f08368aec5ea255b,max-age=31536000,2026-07-16T12:01:14.349Z,2026-07-16T13:12:02.049Z
c20de6a0-1584-4a11-a1a6-6df982882e4f,tm-corporation-logos,Athena.png,1462228,image/png,f789d5836d6bdde5d1757bd028965203,max-age=31536000,2026-07-16T12:01:14.651Z,2026-07-16T13:12:02.339Z
1f5ca696-52eb-4232-bd7f-1f98323a8805,tm-corporation-logos,Auror_AI.png,1297883,image/png,771bc0397c1e3d247bf5022b382e7c16,max-age=31536000,2026-07-16T12:01:15.033Z,2026-07-16T13:12:02.613Z
332f477b-4ec0-4d22-9fe0-7593ec46a729,tm-corporation-logos,Beginner_Corporation.png,955695,image/png,dcd2289c9efeca7f470fcca8644f0285,max-age=31536000,2026-07-16T13:12:02.874Z,2026-07-16T13:12:02.874Z
6fc0d025-e24c-480d-bfb4-30bf795c6afb,tm-corporation-logos,Bentenmaru.png,944592,image/png,38e452d5b22576e20f8be1dc23960146,max-age=31536000,2026-07-16T13:12:03.157Z,2026-07-16T13:12:03.157Z
ea9183a1-7cbf-4d3a-a6b7-2a1b718330b9,tm-corporation-logos,Bio-Sol.png,1464396,image/png,59128d0db62e1de35b3b7550faa34407,max-age=31536000,2026-07-16T12:01:15.387Z,2026-07-16T13:12:03.492Z
a472fb33-ebc4-4a18-92af-c0eca23bfa75,tm-corporation-logos,Celestic.png,1679256,image/png,574f83f2101bee00bd74ef0575ed49f7,max-age=31536000,2026-07-16T12:01:15.744Z,2026-07-16T13:12:03.816Z
8c3566e8-67f9-4b08-9eeb-dafaf46738fc,tm-corporation-logos,Cheung_Shing_Mars.png,1796924,image/png,d0ffa3a71806160d5cc19c3afa0fd36f,max-age=31536000,2026-07-16T12:01:16.115Z,2026-07-16T13:12:04.125Z
e31189ce-947e-4003-b27e-75b272d41a10,tm-corporation-logos,Chimera.png,1443038,image/png,0de325ec3872abeffebe8c96c7599add,max-age=31536000,2026-07-16T12:01:16.451Z,2026-07-16T13:12:04.443Z
f85604ca-4145-4931-a08d-754cf8e88a9a,tm-corporation-logos,Collegium_Copernicus.png,1313597,image/png,b5647971bfdb9fbf32cb4441844f0a0a,max-age=31536000,2026-07-16T12:01:16.851Z,2026-07-16T13:12:04.756Z
73a36274-efe9-4076-84db-d34db2285349,tm-corporation-logos,Colonial_One.png,948093,image/png,a8e8c42356af4b810d18eb0e5b30f753,max-age=31536000,2026-07-16T13:12:05.135Z,2026-07-16T13:12:05.135Z
86338966-77c1-40a0-acdd-58074008c47e,tm-corporation-logos,Corporate Era.png,1474925,image/png,ecdb361c4ea166371e0794e4ca098c55,max-age=31536000,2026-07-16T12:01:17.196Z,2026-07-16T13:12:05.497Z
3db51ac9-b10f-4f84-b65d-897944d88df7,tm-corporation-logos,Corporation Graph.png,483408,image/png,0e35880cede73c9379c47dc17b2c39b3,max-age=31536000,2026-07-16T13:12:05.752Z,2026-07-16T13:12:05.752Z
12df091c-b77b-4f72-ba48-d9d06c0834a5,tm-corporation-logos,Creditcor.png,1535508,image/png,b6f7715632974f82f17bcfdf832fe367,max-age=31536000,2026-07-16T12:01:17.506Z,2026-07-16T13:12:06.076Z
a8cdf42e-8f46-4df1-b876-066e9286fe91,tm-corporation-logos,Crescent_Research_Association.png,1312402,image/png,7634d1a9f2605b2396d84b6f1b63ffb9,max-age=31536000,2026-07-16T12:01:17.845Z,2026-07-16T13:12:06.361Z
3ff0147d-7302-4061-b5d8-8397d91129e5,tm-corporation-logos,Curiosity_II.png,1588799,image/png,3e90e3d01b3fb3a2494e32cfc71d5a6b,max-age=31536000,2026-07-16T12:01:18.181Z,2026-07-16T13:12:06.777Z
9cdbff54-044b-423d-b1c2-efef3d521d90,tm-corporation-logos,Demetron_labs.png,562804,image/png,c27382c310f8ce220fc666604526f9fb,max-age=31536000,2026-07-16T12:01:18.386Z,2026-07-16T13:12:06.998Z
0f1719a2-dae0-4f65-93ab-04c62ab73ad8,tm-corporation-logos,Ecoline.png,1687403,image/png,6fa9598db9061e023e5f740dc479af3f,max-age=31536000,2026-07-16T12:01:18.727Z,2026-07-16T13:12:07.625Z
66c6a320-0852-4c21-8855-b7381ab095b2,tm-corporation-logos,EcoTec.png,1019805,image/png,6140c96abe02da4eda5b6de0b41d0c4a,max-age=31536000,2026-07-16T12:01:18.894Z,2026-07-16T13:12:07.893Z
cf46e388-30a1-4721-9d9b-f5c774e5e899,tm-corporation-logos,Eris.png,1541052,image/png,51aad6f43a21911caef5d35f26948fe9,max-age=31536000,2026-07-16T12:01:19.151Z,2026-07-16T13:12:08.161Z
c04dcf99-1a65-40a1-8eae-8b861af97c48,tm-corporation-logos,Factorum.png,1250052,image/png,373a37b1ece97f1fdc31d1539516ac3d,max-age=31536000,2026-07-16T12:01:19.574Z,2026-07-16T13:12:08.502Z
aac57dd0-8b9b-4927-b607-12425b840d58,tm-corporation-logos,Faux_News.png,962482,image/png,ee9e4b34071a3925534789718ebd964e,max-age=31536000,2026-07-16T13:12:08.756Z,2026-07-16T13:12:08.756Z
ecc1b50c-bc5c-49a6-8381-92c58c094aef,tm-corporation-logos,Gagarian_Mobile_Base.png,1568856,image/png,1d8fe6631ed9866dbcd9fa387ec9c107,max-age=31536000,2026-07-16T12:01:19.906Z,2026-07-16T13:12:09.031Z
8684d14c-4542-4ce7-988d-19286f14f4d6,tm-corporation-logos,Habitat_Marte.png,1407644,image/png,d5b37652a4464da84947df91b8c271d4,max-age=31536000,2026-07-16T12:01:20.194Z,2026-07-16T13:12:09.350Z
06e4fb61-9559-483c-92be-693cf01a5958,tm-corporation-logos,Hadesphere.png,585866,image/png,e3c097011e9e7c54ddd6b02ea9175507,max-age=31536000,2026-07-16T12:01:20.418Z,2026-07-16T13:12:09.617Z
ac474d21-34ed-4629-a67e-989af86d6692,tm-corporation-logos,Hecate_speditions.png,550066,image/png,82a5080f22c123e77e3d21ad1a4e36d7,max-age=31536000,2026-07-16T12:01:20.585Z,2026-07-16T13:12:09.804Z
360b8bd2-20a6-4475-b0cf-a62663930cf1,tm-corporation-logos,Helion.png,1844524,image/png,cb36aaa61396a58a296fdf8000b3d54d,max-age=31536000,2026-07-16T12:01:20.970Z,2026-07-16T13:12:10.103Z
9d6699ad-c287-455c-aa71-654694a733cf,tm-corporation-logos,Henkei_genetics.png,505364,image/png,ea4df4f21fd9966be167de12468b4dc1,max-age=31536000,2026-07-16T12:01:21.149Z,2026-07-16T13:12:10.337Z
2c18d9fd-4594-49d7-a632-9ef24830bf9e,tm-corporation-logos,Hotsprings.png,1008518,image/png,8545a585d6f1d28ff81996ff4f608836,max-age=31536000,2026-07-16T13:12:10.605Z,2026-07-16T13:12:10.605Z
c73393d0-df52-4a13-a6eb-4fe3316b5223,tm-corporation-logos,Incite.png,1431386,image/png,65b1744b1a63b3568151bd0f4da4b1a6,max-age=31536000,2026-07-16T12:01:21.509Z,2026-07-16T13:12:10.911Z
d1d93617-5b36-4a34-9255-f0bd35208346,tm-corporation-logos,Interplanetary _Cinematics.png,1765804,image/png,46a5f391f59603a16c8b5ef8b8a588a6,max-age=31536000,2026-07-16T12:01:21.813Z,2026-07-16T13:12:11.235Z
2ef459f5-683b-4117-bca2-9c341302440f,tm-corporation-logos,Intragen_Sanctuary_Headquarters.png,1280392,image/png,150320e3c31234cbca355d5f866c7ba4,max-age=31536000,2026-07-16T12:01:22.174Z,2026-07-16T13:12:11.504Z
bf8bbde2-3cea-460c-94ca-a69b7fbaacaf,tm-corporation-logos,Inventrix.png,1580657,image/png,d35b946d7737a401d5a23d69e5ad659d,max-age=31536000,2026-07-16T12:01:22.508Z,2026-07-16T13:12:11.754Z
7c12c841-3249-4f5f-81c2-fc46f11d2182,tm-corporation-logos,Jenson_boyle_and_co.png,373840,image/png,72f7d6136cf30190f460e4ba10ae5120,max-age=31536000,2026-07-16T12:01:22.744Z,2026-07-16T13:12:11.969Z
3cb45d78-13e2-4e2e-b65a-d1eb02d3a08b,tm-corporation-logos,Junk_Ventures.png,1817232,image/png,540d0595efc3bc8ff7ac50a777f37892,max-age=31536000,2026-07-16T12:01:23.355Z,2026-07-16T13:12:12.243Z
93e12ced-6c54-4d41-b741-f39290608c2b,tm-corporation-logos,Keplertec.png,591119,image/png,89cd1dde5fd16444ae32518f5d43823a,max-age=31536000,2026-07-16T12:01:23.568Z,2026-07-16T13:12:12.669Z
d4deb6e1-7c2c-4357-90cb-172adc8ec2cd,tm-corporation-logos,Kingdom_of_tauraro.png,543782,image/png,9dce3407bbb1de5d2295d6adf6e5e863,max-age=31536000,2026-07-16T12:01:23.930Z,2026-07-16T13:12:12.875Z
92ff6077-9f7a-44d2-8626-c3419c5554fb,tm-corporation-logos,Kuiper Cooperative.png,1284060,image/png,877a28dce99d68bfd644f6c9d3db73dd,max-age=31536000,2026-07-16T12:01:24.251Z,2026-07-16T13:12:13.104Z
a19a1750-646c-4829-88d8-05c0ecd18079,tm-corporation-logos,Labour_Union.png,955780,image/png,8be27063c7a09e8aefade1f84d11e53e,max-age=31536000,2026-07-16T13:12:13.309Z,2026-07-16T13:12:13.309Z
c2385d64-4e10-4828-944c-54da2d53420f,tm-corporation-logos,Lakefront_Resorts.png,1544296,image/png,883e2087ecfcf9d1eb584915f4723392,max-age=31536000,2026-07-16T12:01:24.589Z,2026-07-16T13:12:13.654Z
a1e7fe33-652c-4344-9d29-281be689320b,tm-corporation-logos,Luna_First_Incorporated.png,1447661,image/png,a833f8f35b625ae46da529a03d5b8148,max-age=31536000,2026-07-16T12:01:24.881Z,2026-07-16T13:12:13.931Z
486e341f-679c-44f6-8db9-5e9d720d4b40,tm-corporation-logos,Luna_Hyperloop_Corporation.png,1410153,image/png,3f57f569abe25555f7a7a876b025758d,max-age=31536000,2026-07-16T12:01:25.252Z,2026-07-16T13:12:14.202Z
a50d8119-d60c-4b4e-ab7c-2e85270751bc,tm-corporation-logos,Luna_Trade_Federation.png,1401228,image/png,e975698d18d2bbbdda38ac2d01c25eb7,max-age=31536000,2026-07-16T12:01:25.557Z,2026-07-16T13:12:14.519Z
cb3242ec-a6b4-42cc-8011-5b682d493c31,tm-corporation-logos,Manutech.png,1800475,image/png,69435f3ff57f1c3656b0274f9d564005,max-age=31536000,2026-07-16T12:01:25.949Z,2026-07-16T13:12:14.811Z
8f18cc02-3ac2-4a73-989b-2d0ff17a0d22,tm-corporation-logos,Marabout.png,989671,image/png,8a0a27264db921a5abbaba3c34a40194,max-age=31536000,2026-07-16T13:12:15.158Z,2026-07-16T13:12:15.158Z
f934f360-ad3a-4563-a8a6-17f1cae3a134,tm-corporation-logos,Mars_Coalition.png,940585,image/png,49e41b05e52ee2e800cc11433fd6cbe0,max-age=31536000,2026-07-16T13:12:15.440Z,2026-07-16T13:12:15.440Z
e15ae481-8c8c-46c6-aa53-4d2fb401f008,tm-corporation-logos,Mars_Direct.png,1231719,image/png,c82b5ac96ce88b865e9df3472b422973,max-age=31536000,2026-07-16T12:01:26.307Z,2026-07-16T13:12:15.679Z
f065bc49-5bfe-45bb-be3e-24cf4bee114b,tm-corporation-logos,Mars_Maths.png,1325764,image/png,e65a820e3608895c6c19123c48ca0d6a,max-age=31536000,2026-07-16T12:01:26.630Z,2026-07-16T13:12:15.994Z
0bda7fd4-b764-4d1d-bc1d-1501e41a7b87,tm-corporation-logos,Martian_Insurance_Group.png,1412204,image/png,9558d497a5bdcc0b5f6db9d757e43d63,max-age=31536000,2026-07-16T12:01:26.976Z,2026-07-16T13:12:16.241Z
047816c6-e88a-48d1-bb4e-d03bea6a0c8e,tm-corporation-logos,Midas.png,1626368,image/png,e6308709a0e48091ba85b6a25f862c44,max-age=31536000,2026-07-16T12:01:27.291Z,2026-07-16T13:12:16.541Z
f0636e6a-bb01-441f-b5a7-66f23a9372ab,tm-corporation-logos,Mind_Set_Mars.png,1291891,image/png,f387df7bf3fabb39cd9b6e4eed0dbed3,max-age=31536000,2026-07-16T12:01:27.649Z,2026-07-16T13:12:16.843Z
ea02ab69-c2d1-4893-a4b2-1a967fbd181a,tm-corporation-logos,Mining Guild.png,1776736,image/png,6bf2cd51b1aae2ebc745d3794205f690,max-age=31536000,2026-07-16T12:01:28.000Z,2026-07-16T13:12:17.196Z
28d6b447-5d5c-4a97-91e7-b18b80d37446,tm-corporation-logos,Mons Insurance.png,1238052,image/png,dc51e8b210d4221fff2e97684286d9eb,max-age=31536000,2026-07-16T12:01:28.340Z,2026-07-16T13:12:17.576Z
d3afde4c-883d-4718-b3a0-124485a165d5,tm-corporation-logos,Morning Star.png,1610995,image/png,7a99b5c0b1df8115dbdde333fada2357,max-age=31536000,2026-07-16T12:01:28.719Z,2026-07-16T13:12:17.897Z
c13a3ebd-db7b-43ad-98e4-ebfe70c229b0,tm-corporation-logos,Nanotec_Industries.png,1259662,image/png,57fd057bec934c672d10334ea8c58408,max-age=31536000,2026-07-16T12:01:29.022Z,2026-07-16T13:12:18.406Z
6851a405-2398-491b-b63d-b1b947113a26,tm-corporation-logos,Nanotech_Industries.png,942307,image/png,58f71eb1fbd932a5b0254dd243d2e024,max-age=31536000,2026-07-16T13:12:18.124Z,2026-07-16T13:12:18.124Z
e8d9bc62-1b32-4f83-97ca-ea9369597b69,tm-corporation-logos,Nirgal_Enterprises.png,1446218,image/png,a044911d7c0ff5dcabde1a76474ec2d9,max-age=31536000,2026-07-16T12:01:29.503Z,2026-07-16T13:12:18.685Z
1375f8c7-b77c-402e-b4c5-09e354943d92,tm-corporation-logos,Odyssey.png,1310624,image/png,8fae96d977bb75ca1e8328bd54587f6b,max-age=31536000,2026-07-16T12:01:29.848Z,2026-07-16T13:12:18.952Z
0c309329-4a41-4194-8e7f-8fc282b6c5b4,tm-corporation-logos,Palladin_Shipping.png,1321949,image/png,f15c5248ac66a1849188269300807fd2,max-age=31536000,2026-07-16T12:01:30.138Z,2026-07-16T13:12:19.483Z
bb6b9aef-1f35-4107-af22-793bc8b0c6ea,tm-corporation-logos,Pharmacy Union.png,1422948,image/png,fff2235ed2798d9280ffc351277ed5f5,max-age=31536000,2026-07-16T12:01:30.462Z,2026-07-16T13:12:19.771Z
a1223bb8-cd90-4af4-ab9f-2179e190c8b7,tm-corporation-logos,Philares.png,1383569,image/png,c3f5ace399a198d3b5e52dac38a8e62e,max-age=31536000,2026-07-16T12:01:30.806Z,2026-07-16T13:12:20.105Z
5d105993-40f9-44a0-bef6-55d5054a03c6,tm-corporation-logos,PhoboLog.png,1759568,image/png,0554050c5ba444d11f5125688cda44b8,max-age=31536000,2026-07-16T12:01:31.189Z,2026-07-16T13:12:20.408Z
f19b54a7-56de-47b3-843c-1aaf86fe6081,tm-corporation-logos,Playwrights.png,1462872,image/png,fd6ff4cfb36dd23730033415677a9e18,max-age=31536000,2026-07-16T12:01:31.473Z,2026-07-16T13:12:20.779Z
f6eb3c88-ed2c-432f-952a-5989a6dcda35,tm-corporation-logos,Point Luna.png,1648793,image/png,40580f43bc11e9054f855e5d9b3205d3,max-age=31536000,2026-07-16T12:01:31.827Z,2026-07-16T13:12:21.090Z
235e240b-67a2-4451-b369-81dc2c1ef172,tm-corporation-logos,Polaris_Terraforming_Solutions_Guiding_Humanity's_Next_Frontier.png,1159751,image/png,5e9ab4e6b6d9823e328b0322fabf416d,max-age=31536000,2026-07-16T12:01:32.167Z,2026-07-16T13:12:21.417Z
5781a19b-353f-44f9-af88-c19e6ca44245,tm-corporation-logos,PolderTech.png,1791641,image/png,38f56d64f7e136bf18ba58935d00e4db,max-age=31536000,2026-07-16T12:01:32.490Z,2026-07-16T13:12:21.746Z
8c970ccc-373a-465a-b8c0-9c36429bf997,tm-corporation-logos,Polyphemos.png,906143,image/png,da405f3b10a641e25e4f927c1530ab8f,max-age=31536000,2026-07-16T12:01:32.634Z,2026-07-16T13:12:22.050Z
33f2e3e3-4e10-4bbf-9c1c-f966b631e29c,tm-corporation-logos,Poseidon.png,1689386,image/png,02dbdcd823b16acd09073cac5172fe4a,max-age=31536000,2026-07-16T12:01:32.930Z,2026-07-16T13:12:22.413Z
5bb54b80-5f09-407b-acb0-6dc49e96e3a5,tm-corporation-logos,Pristar.png,1578487,image/png,04fd9c83ce8ca6b021ba98e5d6d329ee,max-age=31536000,2026-07-16T12:01:33.329Z,2026-07-16T13:12:22.673Z
e9a3d812-27d9-4d3b-9259-1be64dc2e46c,tm-corporation-logos,Project_10.png,904671,image/png,48797d3c0e8f2a311dd09abdbb89a000,max-age=31536000,2026-07-16T13:12:22.908Z,2026-07-16T13:12:22.908Z
5a374fe1-8dd8-4524-b1d9-feb1eb1f7279,tm-corporation-logos,Project_Workshop.png,1610701,image/png,c4cd073543d74d6691470a4a9840c874,max-age=31536000,2026-07-16T12:01:33.619Z,2026-07-16T13:12:23.215Z
90468e1b-2c17-4742-bd6b-1bba20784a9c,tm-corporation-logos,Recyclon.png,1763045,image/png,ec13a7a7b06c03cbff10991fcad06c9b,max-age=31536000,2026-07-16T12:01:33.920Z,2026-07-16T13:12:23.510Z
46dabfcb-89ee-4554-8b11-34b2f735052b,tm-corporation-logos,Ringcom_Terraforming_Solutions_Connecting_a_New_World.png,1098288,image/png,97481fba1695ab2959c2344c8c405bb4,max-age=31536000,2026-07-16T12:01:34.151Z,2026-07-16T13:12:23.806Z
e631434a-8cb1-4f52-90a1-d38501aa322d,tm-corporation-logos,Robin_Hauling.png,1266444,image/png,38a840dbc420c18b2cbdf0a3f16afa09,max-age=31536000,2026-07-16T12:01:34.628Z,2026-07-16T13:12:24.436Z
84d063d1-0732-4564-870a-31ff91981890,tm-corporation-logos,Robinson_Industries.png,891931,image/png,c0f3dfe14bac896ef2ddc00106d48eb6,max-age=31536000,2026-07-16T12:01:34.306Z,2026-07-16T13:12:24.114Z
66dd556b-ce45-4528-85ce-ce5f96bf12fd,tm-corporation-logos,Sagitta_Frontier_Services.png,1766499,image/png,d067653f267f87d89f0deb2b4d523f0a,max-age=31536000,2026-07-16T12:01:34.979Z,2026-07-16T13:12:24.769Z
6f8d39d5-0298-47ba-ab0e-f5e12b89578c,tm-corporation-logos,Saturn Systems.png,1412679,image/png,ef842f596440bf5643b0c5416a423b1c,max-age=31536000,2026-07-16T12:01:35.355Z,2026-07-16T13:12:25.086Z
0cb6cb1d-acf9-483b-9fb7-53d814bff95f,tm-corporation-logos,Secret_Santa_Society.png,940691,image/png,1454cd9e903668650d8ef530f5215a96,max-age=31536000,2026-07-16T13:12:25.392Z,2026-07-16T13:12:25.392Z
007f29c6-3ba1-421e-9bbb-8ed0ab0771cb,tm-corporation-logos,Septem Tribus.png,1810746,image/png,12a61e58a66caa85dd09d77af0fa411b,max-age=31536000,2026-07-16T12:01:35.702Z,2026-07-16T13:12:25.687Z
3ba98d4e-58c6-4b8f-97e1-853e07c6024a,tm-corporation-logos,Slice.png,1852380,image/png,1d8f86aca8b5cec0a998436f0f8e02fa,max-age=31536000,2026-07-16T12:01:36.163Z,2026-07-16T13:12:26.099Z
8f9a10aa-4b85-449f-afad-f32a8f540368,tm-corporation-logos,SolBank.png,1254905,image/png,05596b50f25d7a2fb474a0902229e113,max-age=31536000,2026-07-16T12:01:36.445Z,2026-07-16T13:12:26.401Z
5c3f0e78-b5d0-46fa-b3ae-8776f4abc3e1,tm-corporation-logos,Soylent_Seedling_Systems.png,1268831,image/png,8a28b40f06cc449299ad73e97fc6a1b1,max-age=31536000,2026-07-16T12:01:36.728Z,2026-07-16T13:12:26.676Z
05d00ceb-65e3-4f09-8dc7-43185ba524c3,tm-corporation-logos,Spaceways.png,829372,image/png,2c2f852e6699df8a91407042b4fbe48e,max-age=31536000,2026-07-16T13:12:26.975Z,2026-07-16T13:12:26.975Z
75f5d5fe-281b-42d1-96da-08e952fcbe6e,tm-corporation-logos,Spire.png,970601,image/png,4cf845fad075a74c0d7589b5e6798626,max-age=31536000,2026-07-16T12:01:37.016Z,2026-07-16T13:12:27.284Z
efa90e3d-4b0e-4911-a4be-3abec16082ae,tm-corporation-logos,Splice.png,1852380,image/png,2d0ebc8d91236d1520381d65573beb0e,max-age=31536000,2026-07-16T12:01:37.358Z,2026-07-16T13:12:27.654Z
7f98b904-378d-42c7-9f0a-ce5c84bfa290,tm-corporation-logos,Steelaris_Forging_a_Future_in_Steel_Building_Tomorrow_On_Mars.png,1269462,image/png,35a20a26deac3cb0259b22ecd5e2d947,max-age=31536000,2026-07-16T12:01:37.716Z,2026-07-16T13:12:27.939Z
b627b095-8581-40c3-9eb4-96a1179e2ee9,tm-corporation-logos,Stormcraft_Incorporated.png,1814398,image/png,42bc45eabc0f297871b8676002287e2a,max-age=31536000,2026-07-16T12:01:38.041Z,2026-07-16T13:12:28.205Z
508c0a34-cb66-4ae8-a993-c785bfa7b16d,tm-corporation-logos,Tempest_Consultancy.png,1373176,image/png,5544e2cdb16bbd5093391d872efa7e6a,max-age=31536000,2026-07-16T12:01:38.432Z,2026-07-16T13:12:28.497Z
7784fa97-8fee-4e0e-9bee-7b7413ec0809,tm-corporation-logos,Tempest_Inc.png,914245,image/png,4b6974ad7ae6c44cb8db5a0085f01f57,max-age=31536000,2026-07-16T13:12:28.831Z,2026-07-16T13:12:28.831Z
7088f58f-0230-4f59-b89e-3c596abe4158,tm-corporation-logos,Teractor.png,1182047,image/png,1564c45a42eee6485ca480cb71d32c67,max-age=31536000,2026-07-16T12:01:38.734Z,2026-07-16T13:12:29.201Z
f832407b-9c8b-4a94-a36b-70358f955d92,tm-corporation-logos,TerraLabs_Research.png,1607999,image/png,6df72e50cc8b33f759e8e08f2f7e2f38,max-age=31536000,2026-07-16T12:01:39.047Z,2026-07-16T13:12:29.443Z
95aa6e9a-4c95-44f9-a70e-a7a2cf9f9541,tm-corporation-logos,Tharsis_Republic.png,1997702,image/png,f3ae3798fe8a3eaf5601e76e9ef66d1e,max-age=31536000,2026-07-16T12:01:39.358Z,2026-07-16T13:12:29.789Z
c164c9d5-5931-49ba-b505-67ed07bef8bd,tm-corporation-logos,The_Archaic_Foundation_Institute.png,1330963,image/png,58049a4fb1328f3b732a34ac27d8b3ce,max-age=31536000,2026-07-16T12:01:39.686Z,2026-07-16T13:12:30.241Z
c10c92f2-3b89-4462-9060-fda391a540f1,tm-corporation-logos,The_Darkside_Of_The_Moon_Syndicate.png,1331343,image/png,685add8d309b2a96f54e071589c6cb3e,max-age=31536000,2026-07-16T12:01:40.058Z,2026-07-16T13:12:30.521Z
a0d5414d-918a-4ad4-90d8-bad24a080c68,tm-corporation-logos,The_Grand_Luna_Capital_Group.png,1389863,image/png,1d6cbcf27e2ceb7ea8eda82d3d94bdf6,max-age=31536000,2026-07-16T12:01:40.372Z,2026-07-16T13:12:30.844Z
89ea1df9-79d4-4f8a-8ba9-d416000c4c3b,tm-corporation-logos,Thorgate.png,1730036,image/png,7ebf45d4763139bd67ad4d3b798c673e,max-age=31536000,2026-07-16T12:01:40.777Z,2026-07-16T13:12:31.143Z
b7a9dde7-18df-4d25-a7e6-2947495a99f9,tm-corporation-logos,Tycho Magnetics.png,1792751,image/png,39f9cd1a0b37d753552009f40eca1eef,max-age=31536000,2026-07-16T12:01:41.081Z,2026-07-16T13:12:31.447Z
eb0e9026-69da-4ac2-8cfc-c1eca5bd1c54,tm-corporation-logos,United_Nations_Mars_Initiative.png,1769491,image/png,312c5e2b2f8ddd6459c8db4a3ffd0d93,max-age=31536000,2026-07-16T12:01:41.448Z,2026-07-16T13:12:31.972Z
83c84f00-3115-48cb-a7a1-11aee4f344ce,tm-corporation-logos,United_Nations_Mission_One.png,1600634,image/png,f713ce04f51fc746c3d41e1d5adab82f,max-age=31536000,2026-07-16T12:01:41.756Z,2026-07-16T13:12:32.285Z
3b8a8f23-c9a7-42de-82dd-9ba274735392,tm-corporation-logos,Utopia_Invevst.png,1463980,image/png,26eafb635b40b83d396c3adf8880fb3f,max-age=31536000,2026-07-16T12:01:42.093Z,2026-07-16T13:12:32.584Z
414b3115-589c-41bf-8998-af9a57f62d6d,tm-corporation-logos,Valley_Trust.png,1069100,image/png,391bb2755089687cc63e63f8c872e769,max-age=31536000,2026-07-16T12:01:42.276Z,2026-07-16T13:12:32.850Z
90dd54a7-f5f8-4b03-b856-0f15c8210d1c,tm-corporation-logos,Viron.png,1847828,image/png,02f7093819d7eb497b65eba6efe9f9ca,max-age=31536000,2026-07-16T12:01:42.680Z,2026-07-16T13:12:33.168Z
ad6b4625-273f-44e9-8f4a-124bb7c4cae9,tm-corporation-logos,Vitor.png,1010443,image/png,6c5443b894094e9fee6dc438a4fb81e3,max-age=31536000,2026-07-16T12:01:42.873Z,2026-07-16T13:12:33.447Z
c1f8cfd2-d915-4917-9ba1-490fa54232c5,tm-corporation-logos,Voltagon.png,455265,image/png,8f1574f36c01590819248029284aa53f,max-age=31536000,2026-07-16T12:01:43.013Z,2026-07-16T13:12:33.635Z
